customer_asset_identifier,date,failure_event,failure_probability
2,2017-05-08,1.0,0.68171124559
4,2017-05-08,0.0,0.441468724706
5,2017-05-08,0.0,0.288143962659
17,2017-05-08,1.0,0.683315409078
24,2017-05-08,0.0,0.463172976554
27,2017-05-08,0.0,0.357243547016
29,2017-05-08,1.0,0.506176926346
30,2017-05-08,0.0,0.427126909222
33,2017-05-08,1.0,0.650790387994
34,2017-05-08,0.0,0.370534901173
37,2017-05-08,1.0,0.556615169018
38,2017-05-08,0.0,0.22936826345
40,2017-05-08,1.0,0.507209484092
45,2017-05-08,0.0,0.357117708515
48,2017-05-08,0.0,0.45858103811
52,2017-05-08,0.0,0.307826358663
54,2017-05-08,0.0,0.426598025549
55,2017-05-08,1.0,0.588688227272
56,2017-05-08,0.0,0.412053609309
58,2017-05-08,0.0,0.402841327537
61,2017-05-08,1.0,0.584110750539
66,2017-05-08,0.0,0.355176301998
67,2017-05-08,1.0,0.515142634087
68,2017-05-08,1.0,0.63146458375
71,2017-05-08,0.0,0.361308260947
78,2017-05-08,1.0,0.525004063012
79,2017-05-08,0.0,0.28298571675
84,2017-05-08,0.0,0.44695575665
86,2017-05-08,1.0,0.50883273862
90,2017-05-08,1.0,0.572521666699
92,2017-05-08,0.0,0.277525666494
94,2017-05-08,0.0,0.338726512792
96,2017-05-08,1.0,0.696845147961
97,2017-05-08,1.0,0.503454654698
100,2017-05-08,0.0,0.391703551335
102,2017-05-08,0.0,0.231894778892
105,2017-05-08,0.0,0.324335958202
106,2017-05-08,1.0,0.606898484319
112,2017-05-08,0.0,0.285691355095
114,2017-05-08,0.0,0.316216336578
116,2017-05-08,1.0,0.596052502036
117,2017-05-08,1.0,0.50849828773
119,2017-05-08,0.0,0.406394291734
123,2017-05-08,0.0,0.319444797888
124,2017-05-08,0.0,0.371737431706
125,2017-05-08,0.0,0.309972663246
126,2017-05-08,0.0,0.352244101299
127,2017-05-08,1.0,0.589222152202
128,2017-05-08,0.0,0.358434245728
135,2017-05-08,1.0,0.659845333711
139,2017-05-08,1.0,0.524005674102
140,2017-05-08,1.0,0.617046922358
144,2017-05-08,0.0,0.237492093116
145,2017-05-08,0.0,0.449004305083
147,2017-05-08,0.0,0.426896397561
149,2017-05-08,1.0,0.551471502191
152,2017-05-08,1.0,0.5332411611
154,2017-05-08,0.0,0.350719529763
157,2017-05-08,1.0,0.553094089937
159,2017-05-08,0.0,0.42329450763
162,2017-05-08,0.0,0.446277645299
163,2017-05-08,0.0,0.343143713326
165,2017-05-08,1.0,0.610960257521
166,2017-05-08,0.0,0.358704949808
167,2017-05-08,0.0,0.354557929249
174,2017-05-08,1.0,0.509933687377
177,2017-05-08,1.0,0.712089861612
181,2017-05-08,0.0,0.240451385635
186,2017-05-08,0.0,0.467435110225
200,2017-05-08,0.0,0.302732864434
201,2017-05-08,1.0,0.582177533843
203,2017-05-08,0.0,0.307737286913
205,2017-05-08,0.0,0.269671848865
208,2017-05-08,0.0,0.345910255501
210,2017-05-08,0.0,0.202693011932
221,2017-05-08,0.0,0.245883258232
222,2017-05-08,0.0,0.498093863494
224,2017-05-08,0.0,0.429021286165
229,2017-05-08,0.0,0.2257846809
230,2017-05-08,0.0,0.31951135112
232,2017-05-08,0.0,0.277138619442
238,2017-05-08,1.0,0.506731449462
240,2017-05-08,0.0,0.291904667938
241,2017-05-08,0.0,0.382458463526
242,2017-05-08,0.0,0.457775357135
243,2017-05-08,1.0,0.545333266511
244,2017-05-08,0.0,0.3731143609
246,2017-05-08,1.0,0.583327414912
252,2017-05-08,0.0,0.368704320708
255,2017-05-08,1.0,0.500134610965
259,2017-05-08,0.0,0.367036813562
265,2017-05-08,0.0,0.402248191212
266,2017-05-08,1.0,0.643261429891
267,2017-05-08,0.0,0.357800851044
269,2017-05-08,0.0,0.445750136665
272,2017-05-08,1.0,0.644851793901
274,2017-05-08,0.0,0.369567713462
278,2017-05-08,1.0,0.545241624114
279,2017-05-08,0.0,0.419149254139
281,2017-05-08,0.0,0.325409098872
286,2017-05-08,0.0,0.378812245639
290,2017-05-08,0.0,0.470607950833
309,2017-05-08,0.0,0.315386732901
310,2017-05-08,0.0,0.349534672588
311,2017-05-08,0.0,0.429331665828
313,2017-05-08,0.0,0.441622017815
318,2017-05-08,1.0,0.534603663916
320,2017-05-08,0.0,0.368081525605
323,2017-05-08,0.0,0.313533969109
324,2017-05-08,0.0,0.466803875007
325,2017-05-08,0.0,0.296136110159
326,2017-05-08,0.0,0.430448337893
328,2017-05-08,0.0,0.330557721942
329,2017-05-08,0.0,0.233757916821
330,2017-05-08,0.0,0.388244697194
333,2017-05-08,0.0,0.275174979096
335,2017-05-08,1.0,0.521429450833
349,2017-05-08,1.0,0.576808282412
350,2017-05-08,1.0,0.637589804192
354,2017-05-08,0.0,0.466672605096
358,2017-05-08,0.0,0.232447912481
360,2017-05-08,0.0,0.254488356612
361,2017-05-08,0.0,0.459129717288
366,2017-05-08,0.0,0.411123238679
367,2017-05-08,1.0,0.512471174824
368,2017-05-08,1.0,0.543663737396
372,2017-05-08,1.0,0.509570037297
376,2017-05-08,0.0,0.249098209575
380,2017-05-08,0.0,0.427642209618
384,2017-05-08,0.0,0.407441704186
386,2017-05-08,1.0,0.569511794604
388,2017-05-08,0.0,0.367957320762
390,2017-05-08,0.0,0.398959226687
391,2017-05-08,1.0,0.609052259833
393,2017-05-08,0.0,0.402867766319
395,2017-05-08,1.0,0.627039394464
398,2017-05-08,1.0,0.609359508916
401,2017-05-08,1.0,0.562469273855
402,2017-05-08,0.0,0.390892842833
405,2017-05-08,0.0,0.393889578758
406,2017-05-08,1.0,0.547357726323
411,2017-05-08,0.0,0.327271511674
415,2017-05-08,0.0,0.31390478694
416,2017-05-08,0.0,0.276176747913
419,2017-05-08,0.0,0.275878049314
423,2017-05-08,0.0,0.239562770842
424,2017-05-08,1.0,0.543205009363
425,2017-05-08,0.0,0.329633164939
426,2017-05-08,0.0,0.262978120171
429,2017-05-08,1.0,0.721946003407
433,2017-05-08,0.0,0.389904832162
447,2017-05-08,1.0,0.535150967867
448,2017-05-08,0.0,0.406035829747
449,2017-05-08,0.0,0.452172771374
456,2017-05-08,0.0,0.249167858062
457,2017-05-08,0.0,0.373156100966
459,2017-05-08,0.0,0.399184580049
463,2017-05-08,0.0,0.410252098268
465,2017-05-08,0.0,0.440449883256
466,2017-05-08,0.0,0.436341542311
467,2017-05-08,0.0,0.243785293898
471,2017-05-08,0.0,0.479741235742
472,2017-05-08,0.0,0.41247459799
473,2017-05-08,1.0,0.545343226257
480,2017-05-08,1.0,0.545177732183
481,2017-05-08,0.0,0.219575330416
483,2017-05-08,1.0,0.564472150968
485,2017-05-08,0.0,0.493924661866
496,2017-05-08,1.0,0.54982191192
497,2017-05-08,0.0,0.438574059646
499,2017-05-08,0.0,0.23684863737
500,2017-05-08,0.0,0.261092444891
501,2017-05-08,0.0,0.335646685622
503,2017-05-08,0.0,0.219701960302
505,2017-05-08,0.0,0.359980235755
510,2017-05-08,0.0,0.319385250813
511,2017-05-08,0.0,0.488612084681
521,2017-05-08,1.0,0.706968578054
522,2017-05-08,1.0,0.714095596452
523,2017-05-08,1.0,0.735257016001
524,2017-05-08,1.0,0.573510097665
526,2017-05-08,1.0,0.597246314558
527,2017-05-08,1.0,0.702683079534
528,2017-05-08,1.0,0.697048497745
529,2017-05-08,1.0,0.544545829541
530,2017-05-08,1.0,0.680097175559
531,2017-05-08,1.0,0.720437901125
532,2017-05-08,1.0,0.740900640643
533,2017-05-08,0.0,0.409239253615
534,2017-05-08,1.0,0.637358447366
535,2017-05-08,1.0,0.599182730955
536,2017-05-08,0.0,0.431880003975
537,2017-05-08,1.0,0.687467191411
538,2017-05-08,1.0,0.644429340279
539,2017-05-08,1.0,0.631706165788
540,2017-05-08,1.0,0.750875386274
541,2017-05-08,1.0,0.74569084811
542,2017-05-08,1.0,0.740319763506
543,2017-05-08,1.0,0.602778605654
544,2017-05-08,1.0,0.719078316879
545,2017-05-08,1.0,0.680759105628
546,2017-05-08,1.0,0.756119697001
547,2017-05-08,1.0,0.747565107198
548,2017-05-08,1.0,0.631216658295
549,2017-05-08,1.0,0.551535648183
550,2017-05-08,1.0,0.563670663785
551,2017-05-08,1.0,0.697074107755
552,2017-05-08,1.0,0.640849993526
553,2017-05-08,1.0,0.79530318472
554,2017-05-08,1.0,0.696201932954
555,2017-05-08,1.0,0.748864028157
556,2017-05-08,1.0,0.706238214159
557,2017-05-08,1.0,0.744059933102
558,2017-05-08,0.0,0.490240187447
559,2017-05-08,1.0,0.615207355446
560,2017-05-08,1.0,0.748556336328
561,2017-05-08,1.0,0.58425565027
562,2017-05-08,1.0,0.68994405875
563,2017-05-08,1.0,0.547180765365
564,2017-05-08,1.0,0.51854887921
566,2017-05-08,0.0,0.224335038424
581,2017-05-08,0.0,0.287412579333
585,2017-05-08,1.0,0.64582650296
586,2017-05-08,1.0,0.671890756472
589,2017-05-08,0.0,0.245792463193
591,2017-05-08,0.0,0.348876513007
592,2017-05-08,0.0,0.211134320032
593,2017-05-08,0.0,0.264120639845
594,2017-05-08,0.0,0.353133000238
595,2017-05-08,0.0,0.406532022624
596,2017-05-08,1.0,0.601561167485
597,2017-05-08,1.0,0.547188988493
598,2017-05-08,0.0,0.36021898185
599,2017-05-08,0.0,0.460827387623
600,2017-05-08,1.0,0.530919275248
601,2017-05-08,0.0,0.392526037646
602,2017-05-08,0.0,0.453143523752
609,2017-05-08,1.0,0.769377975093
614,2017-05-08,0.0,0.363375288506
615,2017-05-08,0.0,0.360279761509
621,2017-05-08,0.0,0.418758714955
622,2017-05-08,0.0,0.416046209135
642,2017-05-08,1.0,0.589797862278
643,2017-05-08,1.0,0.714193062808
644,2017-05-08,0.0,0.341715948128
645,2017-05-08,0.0,0.245165681118
646,2017-05-08,0.0,0.385688029551
647,2017-05-08,0.0,0.393655193673
648,2017-05-08,1.0,0.541086106851
649,2017-05-08,0.0,0.345594751977
651,2017-05-08,1.0,0.633285792917
652,2017-05-08,0.0,0.42654976374
653,2017-05-08,0.0,0.433054490924
654,2017-05-08,0.0,0.351740387113
655,2017-05-08,1.0,0.514241845579
656,2017-05-08,0.0,0.347508167242
657,2017-05-08,0.0,0.385396658932
658,2017-05-08,0.0,0.443490696148
659,2017-05-08,1.0,0.508462339209
660,2017-05-08,1.0,0.588047967055
661,2017-05-08,0.0,0.261762048495
662,2017-05-08,0.0,0.475178727791
663,2017-05-08,0.0,0.436124322521
664,2017-05-08,1.0,0.618701365289
665,2017-05-08,1.0,0.515337793151
666,2017-05-08,1.0,0.686081852686
668,2017-05-08,0.0,0.457517809709
669,2017-05-08,0.0,0.432137113922
670,2017-05-08,0.0,0.337189104175
671,2017-05-08,1.0,0.626188945272
672,2017-05-08,0.0,0.200070500853
674,2017-05-08,0.0,0.301709991466
675,2017-05-08,0.0,0.310281863077
676,2017-05-08,0.0,0.392559623107
679,2017-05-08,0.0,0.308511794531
680,2017-05-08,0.0,0.339062774777
681,2017-05-08,1.0,0.596162877221
682,2017-05-08,0.0,0.302582471801
683,2017-05-08,0.0,0.314739208742
684,2017-05-08,0.0,0.368355584528
687,2017-05-08,0.0,0.263676258938
688,2017-05-08,0.0,0.423570213115
689,2017-05-08,0.0,0.399068693486
692,2017-05-08,0.0,0.255741840664
693,2017-05-08,0.0,0.21821788026
694,2017-05-08,0.0,0.328534794105
695,2017-05-08,0.0,0.483568564958
698,2017-05-08,1.0,0.521387687943
699,2017-05-08,0.0,0.37797876853
700,2017-05-08,0.0,0.342071304604
701,2017-05-08,0.0,0.300870167237
702,2017-05-08,0.0,0.463266807691
703,2017-05-08,0.0,0.326007818982
704,2017-05-08,0.0,0.231279480848
706,2017-05-08,0.0,0.440530328047
708,2017-05-08,1.0,0.586522041592
709,2017-05-08,0.0,0.261762048495
710,2017-05-08,0.0,0.440339931802
711,2017-05-08,0.0,0.403938540525
712,2017-05-08,0.0,0.261068829695
713,2017-05-08,1.0,0.598003187133
715,2017-05-08,1.0,0.583431135573
719,2017-05-08,1.0,0.568698672108
720,2017-05-08,1.0,0.597900173187
724,2017-05-08,1.0,0.742446661294
725,2017-05-08,0.0,0.322211296289
726,2017-05-08,0.0,0.385754387323
727,2017-05-08,1.0,0.534262089978
728,2017-05-08,0.0,0.442788912492
729,2017-05-08,0.0,0.401771297689
730,2017-05-08,0.0,0.444930055584
731,2017-05-08,0.0,0.430366301774
732,2017-05-08,0.0,0.221875137297
733,2017-05-08,0.0,0.329658787525
739,2017-05-08,0.0,0.390630630037
742,2017-05-08,1.0,0.70091940697
743,2017-05-08,0.0,0.498869589229
746,2017-05-08,0.0,0.385713429293
748,2017-05-08,0.0,0.402623305274
749,2017-05-08,0.0,0.406631164229
753,2017-05-08,1.0,0.595760598079
754,2017-05-08,1.0,0.530377984802
755,2017-05-08,1.0,0.544596445083
758,2017-05-08,0.0,0.370504654566
759,2017-05-08,0.0,0.327810633566
761,2017-05-08,0.0,0.321765510586
762,2017-05-08,0.0,0.3831973734
768,2017-05-08,0.0,0.292067888365
773,2017-05-08,0.0,0.271296300204
777,2017-05-08,0.0,0.230939282699
778,2017-05-08,1.0,0.5262847286
779,2017-05-08,0.0,0.346233563554
784,2017-05-08,0.0,0.257670706169
788,2017-05-08,0.0,0.393581135915
789,2017-05-08,1.0,0.701038400337
791,2017-05-08,1.0,0.745482653875
792,2017-05-08,1.0,0.521751089454
794,2017-05-08,1.0,0.697166599413
795,2017-05-08,0.0,0.303208753197
801,2017-05-08,1.0,0.524105475741
804,2017-05-08,1.0,0.510740005682
805,2017-05-08,0.0,0.462745403363
809,2017-05-08,0.0,0.452919191151
811,2017-05-08,0.0,0.481232670247
812,2017-05-08,0.0,0.323238698808
813,2017-05-08,0.0,0.35084322609
814,2017-05-08,0.0,0.41560388142
815,2017-05-08,0.0,0.298651168803
818,2017-05-08,0.0,0.272045705533
819,2017-05-08,0.0,0.419370515069
822,2017-05-08,0.0,0.401354280306
823,2017-05-08,0.0,0.335956331172
827,2017-05-08,0.0,0.2282086561
831,2017-05-08,0.0,0.369587113684
833,2017-05-08,1.0,0.565389042605
839,2017-05-08,1.0,0.607164268795
842,2017-05-08,0.0,0.462028358926
843,2017-05-08,0.0,0.390056294942
845,2017-05-08,1.0,0.735430514637
847,2017-05-08,0.0,0.367391408041
848,2017-05-08,0.0,0.445587063824
849,2017-05-08,0.0,0.237342183408
851,2017-05-08,0.0,0.251607239622
853,2017-05-08,0.0,0.369830432516
857,2017-05-08,0.0,0.482801661837
858,2017-05-08,0.0,0.408976580405
859,2017-05-08,0.0,0.408834121803
863,2017-05-08,1.0,0.623066024133
864,2017-05-08,0.0,0.330097803763
865,2017-05-08,0.0,0.333337251646
867,2017-05-08,0.0,0.424608913863
868,2017-05-08,0.0,0.218229148083
872,2017-05-08,0.0,0.320807137433
873,2017-05-08,1.0,0.50539286831
878,2017-05-08,0.0,0.447140080509
886,2017-05-08,1.0,0.571477612522
888,2017-05-08,0.0,0.390439536428
889,2017-05-08,0.0,0.46707808366
890,2017-05-08,0.0,0.388764342996
894,2017-05-08,1.0,0.62744066457
895,2017-05-08,0.0,0.327308816712
897,2017-05-08,0.0,0.237008513591
898,2017-05-08,0.0,0.409935608962
899,2017-05-08,0.0,0.429874583017
900,2017-05-08,0.0,0.391717120112
901,2017-05-08,0.0,0.330151771482
902,2017-05-08,1.0,0.605030326135
903,2017-05-08,0.0,0.45742478695
905,2017-05-08,0.0,0.409850141238
906,2017-05-08,1.0,0.742894147334
907,2017-05-08,0.0,0.406000368969
908,2017-05-08,1.0,0.518228340457
911,2017-05-08,1.0,0.551583658818
913,2017-05-08,0.0,0.400492092549
914,2017-05-08,0.0,0.468433011915
918,2017-05-08,0.0,0.403961698248
921,2017-05-08,0.0,0.465913028949
923,2017-05-08,0.0,0.377240439442
924,2017-05-08,0.0,0.295585522674
925,2017-05-08,0.0,0.349520620622
926,2017-05-08,0.0,0.389333139325
929,2017-05-08,0.0,0.240912259933
930,2017-05-08,0.0,0.288220363295
931,2017-05-08,0.0,0.362384763357
934,2017-05-08,0.0,0.343789154053
935,2017-05-08,0.0,0.400422035574
936,2017-05-08,0.0,0.47116670752
937,2017-05-08,0.0,0.358528042347
938,2017-05-08,0.0,0.422997382445
940,2017-05-08,1.0,0.512144711311
942,2017-05-08,0.0,0.433965396859
943,2017-05-08,0.0,0.453692895812
944,2017-05-08,0.0,0.418008300765
945,2017-05-08,0.0,0.446633591098
946,2017-05-08,1.0,0.529837379126
949,2017-05-08,1.0,0.504499169102
950,2017-05-08,1.0,0.518927064538
951,2017-05-08,0.0,0.387273036625
952,2017-05-08,0.0,0.454340689505
953,2017-05-08,0.0,0.397932102088
954,2017-05-08,0.0,0.39301466613
958,2017-05-08,0.0,0.416160579179
959,2017-05-08,1.0,0.549300319438
960,2017-05-08,0.0,0.236364329345
962,2017-05-08,0.0,0.368570085652
963,2017-05-08,0.0,0.401413839643
964,2017-05-08,0.0,0.295535418917
968,2017-05-08,0.0,0.471376234402
969,2017-05-08,0.0,0.278368948586
970,2017-05-08,0.0,0.301923935228
971,2017-05-08,1.0,0.714641838255
973,2017-05-08,0.0,0.422644115576
974,2017-05-08,0.0,0.350891453251
975,2017-05-08,0.0,0.320928181762
976,2017-05-08,0.0,0.375527678936
977,2017-05-08,1.0,0.578197254342
979,2017-05-08,0.0,0.338060059746
980,2017-05-08,1.0,0.605216605741
984,2017-05-08,0.0,0.443584684821
986,2017-05-08,0.0,0.442322931956
987,2017-05-08,0.0,0.37373597512
988,2017-05-08,0.0,0.422688145201
989,2017-05-08,0.0,0.449034523585
991,2017-05-08,0.0,0.453289152668
992,2017-05-08,1.0,0.739336716976
993,2017-05-08,0.0,0.473247005581
994,2017-05-08,0.0,0.396187515044
995,2017-05-08,1.0,0.504383419912
997,2017-05-08,1.0,0.502292101582
998,2017-05-08,0.0,0.258345893463
999,2017-05-08,1.0,0.520316620167
1000,2017-05-08,0.0,0.343407417793
1001,2017-05-08,0.0,0.437860690155
1002,2017-05-08,0.0,0.368264344016
1003,2017-05-08,0.0,0.266298361614
1004,2017-05-08,0.0,0.371164862313
1007,2017-05-08,0.0,0.390450243269
1012,2017-05-08,0.0,0.399655579008
1013,2017-05-08,0.0,0.416490539748
1015,2017-05-08,1.0,0.525005486615
1018,2017-05-08,1.0,0.718352395933
1020,2017-05-08,1.0,0.540220187777
1023,2017-05-08,0.0,0.297477686644
1024,2017-05-08,0.0,0.447571691562
1027,2017-05-08,0.0,0.377319354278
1028,2017-05-08,0.0,0.395093192926
1029,2017-05-08,0.0,0.457719263954
1030,2017-05-08,0.0,0.386585235421
1032,2017-05-08,0.0,0.458254933016
1035,2017-05-08,0.0,0.491193653158
1039,2017-05-08,0.0,0.338816628355
1041,2017-05-08,1.0,0.518001538237
1042,2017-05-08,0.0,0.468309837953
1045,2017-05-08,1.0,0.591944952474
1046,2017-05-08,0.0,0.362264665284
1050,2017-05-08,0.0,0.419524313346
1051,2017-05-08,0.0,0.335705815141
1052,2017-05-08,0.0,0.369722139626
1053,2017-05-08,0.0,0.406884177084
1055,2017-05-08,0.0,0.459454345991
1057,2017-05-08,0.0,0.422283838095
1058,2017-05-08,1.0,0.638245866232
1060,2017-05-08,0.0,0.294145126511
1061,2017-05-08,1.0,0.57749624337
1062,2017-05-08,0.0,0.430401075184
1063,2017-05-08,1.0,0.501072529102
1065,2017-05-08,0.0,0.39806096622
1068,2017-05-08,1.0,0.585136205275
1069,2017-05-08,0.0,0.346878520957
1070,2017-05-08,0.0,0.455539186832
1071,2017-05-08,0.0,0.484510000533
1072,2017-05-08,1.0,0.557617856936
1073,2017-05-08,0.0,0.397114591083
1075,2017-05-08,0.0,0.436986427569
1077,2017-05-08,1.0,0.574946543996
1078,2017-05-08,1.0,0.502297299269
1080,2017-05-08,0.0,0.372042663497
1081,2017-05-08,0.0,0.338825028599
1082,2017-05-08,0.0,0.41181839944
1083,2017-05-08,0.0,0.398216584105
1084,2017-05-08,0.0,0.310765954027
1085,2017-05-08,1.0,0.536280903497
1086,2017-05-08,0.0,0.358550243518
1087,2017-05-08,1.0,0.593667605367
1089,2017-05-08,1.0,0.568344652945
1091,2017-05-08,0.0,0.480833787339
1093,2017-05-08,0.0,0.309117288557
1095,2017-05-08,1.0,0.567518393442
1097,2017-05-08,1.0,0.520790378252
1099,2017-05-08,0.0,0.374396758135
1100,2017-05-08,0.0,0.190779826174
1102,2017-05-08,0.0,0.343741867384
1104,2017-05-08,0.0,0.327353061637
1106,2017-05-08,0.0,0.274671196516
1109,2017-05-08,0.0,0.392759280401
1116,2017-05-08,0.0,0.465110432071
1119,2017-05-08,1.0,0.53697212808
1120,2017-05-08,0.0,0.483060617
1124,2017-05-08,0.0,0.311264032958
1125,2017-05-08,0.0,0.363036647726
1126,2017-05-08,0.0,0.431530622759
1129,2017-05-08,0.0,0.432888439541
1130,2017-05-08,0.0,0.452239772228
1131,2017-05-08,0.0,0.240837569494
1132,2017-05-08,0.0,0.242435960707
1133,2017-05-08,0.0,0.289295528573
1134,2017-05-08,0.0,0.482082789899
1135,2017-05-08,0.0,0.272576103653
1136,2017-05-08,0.0,0.334963237988
1138,2017-05-08,0.0,0.364820942213
1140,2017-05-08,1.0,0.50854883492
1141,2017-05-08,0.0,0.405553506126
1143,2017-05-08,0.0,0.448724685997
1146,2017-05-08,0.0,0.347698207665
1147,2017-05-08,0.0,0.264486747657
1153,2017-05-08,0.0,0.352609885566
1154,2017-05-08,0.0,0.325221216104
1155,2017-05-08,0.0,0.439417231776
1156,2017-05-08,0.0,0.342220343406
1157,2017-05-08,0.0,0.390716135736
1158,2017-05-08,0.0,0.414232866889
1164,2017-05-08,0.0,0.353170385502
1165,2017-05-08,0.0,0.423326210026
1167,2017-05-08,0.0,0.374372118248
1169,2017-05-08,1.0,0.518956245589
1170,2017-05-08,0.0,0.349602506231
1173,2017-05-08,0.0,0.393179415987
1174,2017-05-08,1.0,0.744340961591
1175,2017-05-08,1.0,0.553584783485
1176,2017-05-08,1.0,0.505824709763
1177,2017-05-08,1.0,0.751280296031
1178,2017-05-08,0.0,0.388616083213
1179,2017-05-08,1.0,0.561384438735
1180,2017-05-08,1.0,0.753778734381
1181,2017-05-08,1.0,0.726646773384
1182,2017-05-08,1.0,0.698007175709
1183,2017-05-08,1.0,0.776025755608
1184,2017-05-08,1.0,0.74599231592
1185,2017-05-08,1.0,0.629125235415
1186,2017-05-08,0.0,0.487101942021
1188,2017-05-08,1.0,0.640917329968
1189,2017-05-08,1.0,0.748991698391
1190,2017-05-08,0.0,0.476501682764
1191,2017-05-08,0.0,0.499307788259
1192,2017-05-08,1.0,0.660962176235
1194,2017-05-08,1.0,0.583053513328
1195,2017-05-08,1.0,0.746752024022
1196,2017-05-08,0.0,0.277116729167
1198,2017-05-08,0.0,0.300676118187
1199,2017-05-08,0.0,0.313989751302
1200,2017-05-08,0.0,0.347060262568
1202,2017-05-08,0.0,0.380457048415
1203,2017-05-08,0.0,0.434480781835
1204,2017-05-08,1.0,0.508074889419
1205,2017-05-08,1.0,0.569017420373
1208,2017-05-08,0.0,0.26635735987
1209,2017-05-08,1.0,0.570903899803
1210,2017-05-08,0.0,0.392839113214
1211,2017-05-08,0.0,0.457518165867
1212,2017-05-08,1.0,0.545621718806
1213,2017-05-08,0.0,0.418543417927
1215,2017-05-08,0.0,0.303774958864
1218,2017-05-08,0.0,0.417913723064
1219,2017-05-08,0.0,0.398534417887
1224,2017-05-08,0.0,0.468442071199
1225,2017-05-08,1.0,0.530659215725
1232,2017-05-08,0.0,0.40866346307
1233,2017-05-08,1.0,0.535509544553
1235,2017-05-08,0.0,0.439633946659
1239,2017-05-08,0.0,0.464125426213
1241,2017-05-08,0.0,0.370942586661
1280,2017-05-08,0.0,0.34665864267
1286,2017-05-08,0.0,0.319002023081
1292,2017-05-08,1.0,0.634245821383
1293,2017-05-08,0.0,0.47865654203
1295,2017-05-08,0.0,0.248131994785
1296,2017-05-08,0.0,0.340535718707
1312,2017-05-08,0.0,0.405992579936
1313,2017-05-08,0.0,0.392538878327
1314,2017-05-08,0.0,0.361864966644
1315,2017-05-08,0.0,0.36819266266
1320,2017-05-08,0.0,0.370802007437
1321,2017-05-08,0.0,0.472502035498
1336,2017-05-08,1.0,0.508138617098
1337,2017-05-08,0.0,0.46214941776
1344,2017-05-08,0.0,0.417747062634
1345,2017-05-08,1.0,0.503316041775
1370,2017-05-08,0.0,0.449998785549
1371,2017-05-08,0.0,0.363173078582
1373,2017-05-08,0.0,0.486218247885
1374,2017-05-08,0.0,0.395364068813
1376,2017-05-08,0.0,0.299056705017
1377,2017-05-08,0.0,0.35418994537
1378,2017-05-08,0.0,0.420457759498
1380,2017-05-08,0.0,0.478607817889
1388,2017-05-08,0.0,0.331691636344
1389,2017-05-08,0.0,0.446067685533
1395,2017-05-08,0.0,0.35219827119
1396,2017-05-08,0.0,0.307703328088
1397,2017-05-08,0.0,0.231960357284
1398,2017-05-08,0.0,0.3785562032
1399,2017-05-08,0.0,0.378471786263
1400,2017-05-08,1.0,0.510417327953
1401,2017-05-08,0.0,0.352006759686
1402,2017-05-08,0.0,0.498104496157
1403,2017-05-08,0.0,0.398898388626
1404,2017-05-08,1.0,0.569018334144
1405,2017-05-08,0.0,0.363742999517
1406,2017-05-08,0.0,0.323090159912
1407,2017-05-08,0.0,0.29657382429
1408,2017-05-08,0.0,0.326578049185
1409,2017-05-08,0.0,0.316474196348
1410,2017-05-08,0.0,0.325218681066
1411,2017-05-08,0.0,0.342346102649
1412,2017-05-08,0.0,0.360464853029
1413,2017-05-08,0.0,0.39400065593
1414,2017-05-08,0.0,0.364126521563
1415,2017-05-08,0.0,0.315330709039
1416,2017-05-08,0.0,0.323303660262
1417,2017-05-08,0.0,0.213945700532
1418,2017-05-08,0.0,0.214537388902
1419,2017-05-08,0.0,0.340994543659
1420,2017-05-08,0.0,0.382988373614
1421,2017-05-08,0.0,0.346854767064
1422,2017-05-08,0.0,0.453271780136
1424,2017-05-08,0.0,0.404046448953
1425,2017-05-08,0.0,0.185772202324
1426,2017-05-08,0.0,0.350955045194
1427,2017-05-08,0.0,0.379759871799
1428,2017-05-08,0.0,0.225488191201
1429,2017-05-08,0.0,0.295802591983
1430,2017-05-08,0.0,0.364333011516
1431,2017-05-08,0.0,0.39202660762
1432,2017-05-08,0.0,0.292554645466
1435,2017-05-08,0.0,0.370413831918
1436,2017-05-08,0.0,0.425002241087
1437,2017-05-08,0.0,0.385358104615
1438,2017-05-08,1.0,0.719182788142
1439,2017-05-08,1.0,0.68886937204
1440,2017-05-08,1.0,0.695926996679
1441,2017-05-08,1.0,0.730959221957
1452,2017-05-08,0.0,0.277966106818
1453,2017-05-08,0.0,0.281086643607
1455,2017-05-08,0.0,0.389906796205
1456,2017-05-08,0.0,0.242145756858
1457,2017-05-08,0.0,0.373484941119
1458,2017-05-08,0.0,0.310760662579
1459,2017-05-08,0.0,0.421341603871
1460,2017-05-08,0.0,0.260680502185
1462,2017-05-08,0.0,0.37328426522
1463,2017-05-08,0.0,0.387236054243
1477,2017-05-08,0.0,0.381702396155
1478,2017-05-08,0.0,0.296761964478
1479,2017-05-08,0.0,0.406111089544
1480,2017-05-08,0.0,0.370137074785
1481,2017-05-08,0.0,0.192158598722
1482,2017-05-08,0.0,0.233431091106
1483,2017-05-08,0.0,0.187353034431
1484,2017-05-08,0.0,0.442641099475
1485,2017-05-08,0.0,0.384107392069
1486,2017-05-08,0.0,0.434338703833
1487,2017-05-08,0.0,0.198002999501
1488,2017-05-08,0.0,0.348892173459
1489,2017-05-08,0.0,0.261400654126
1490,2017-05-08,0.0,0.228384832465
1495,2017-05-08,0.0,0.281137549664
1496,2017-05-08,0.0,0.381150432326
1497,2017-05-08,0.0,0.263913342431
1498,2017-05-08,0.0,0.26711028847
1504,2017-05-08,0.0,0.430615242296
1505,2017-05-08,0.0,0.29926281185
1506,2017-05-08,0.0,0.221427409574
1507,2017-05-08,0.0,0.23961803499
1508,2017-05-08,0.0,0.347930741801
1509,2017-05-08,0.0,0.36415120895
1510,2017-05-08,0.0,0.406285852215
1514,2017-05-08,1.0,0.548547484851
1515,2017-05-08,1.0,0.555273986189
1518,2017-05-08,0.0,0.411132296582
1519,2017-05-08,0.0,0.419054793314
1520,2017-05-08,1.0,0.599556237274
1521,2017-05-08,1.0,0.593475791962
1524,2017-05-08,1.0,0.533477413268
1525,2017-05-08,1.0,0.520609756374
1553,2017-05-08,0.0,0.45365304915
1554,2017-05-08,0.0,0.27701242023
1572,2017-05-08,0.0,0.366547050694
1573,2017-05-08,0.0,0.414525449571
1574,2017-05-08,0.0,0.32468631729
1594,2017-05-08,0.0,0.367023269361
1595,2017-05-08,0.0,0.403463895332
1596,2017-05-08,0.0,0.411615032942
1597,2017-05-08,0.0,0.387548994439
1598,2017-05-08,0.0,0.362380752556
1599,2017-05-08,0.0,0.307193396088
1600,2017-05-08,0.0,0.393652997074
1609,2017-05-08,0.0,0.325356819237
1610,2017-05-08,0.0,0.278641674029
1612,2017-05-08,1.0,0.536365756302
1613,2017-05-08,0.0,0.494693462327
1614,2017-05-08,1.0,0.546868597457
1615,2017-05-08,1.0,0.632014795477
1616,2017-05-08,1.0,0.693309859866
1621,2017-05-08,0.0,0.268778864202
1622,2017-05-08,0.0,0.241231840294
1623,2017-05-08,0.0,0.332641709153
1624,2017-05-08,0.0,0.325359483366
1625,2017-05-08,0.0,0.296861005278
1626,2017-05-08,0.0,0.332375093289
1627,2017-05-08,0.0,0.308651061926
1628,2017-05-08,0.0,0.392443139166
1629,2017-05-08,1.0,0.586977834187
1630,2017-05-08,0.0,0.481241707713
1631,2017-05-08,1.0,0.597028885456
1632,2017-05-08,0.0,0.35550824425
1633,2017-05-08,0.0,0.371519561609
1638,2017-05-08,0.0,0.372234442807
1639,2017-05-08,0.0,0.353594124834
1640,2017-05-08,0.0,0.385174638268
1641,2017-05-08,1.0,0.521806009265
1647,2017-05-08,0.0,0.418891142636
1650,2017-05-08,0.0,0.321565640629
1651,2017-05-08,0.0,0.418125495844
1652,2017-05-08,0.0,0.422326439114
1653,2017-05-08,0.0,0.435692527376
1654,2017-05-08,1.0,0.586882736818
1655,2017-05-08,1.0,0.543575719848
1657,2017-05-08,0.0,0.427375192657
1658,2017-05-08,0.0,0.485534193502
1662,2017-05-08,1.0,0.574752880005
1663,2017-05-08,0.0,0.49290294164
1664,2017-05-08,1.0,0.6019482068
1665,2017-05-08,1.0,0.628042140556
1666,2017-05-08,1.0,0.733643048797
1670,2017-05-08,0.0,0.349520165529
1673,2017-05-08,0.0,0.316244861865
1674,2017-05-08,0.0,0.369520430804
1675,2017-05-08,0.0,0.390172006867
1676,2017-05-08,0.0,0.313592988653
1677,2017-05-08,0.0,0.311839219022
1678,2017-05-08,0.0,0.295515608046
1679,2017-05-08,0.0,0.347334209616
1680,2017-05-08,0.0,0.439860998563
1681,2017-05-08,0.0,0.409437959431
1682,2017-05-08,1.0,0.544765195356
1683,2017-05-08,0.0,0.304371310413
1684,2017-05-08,0.0,0.355269570804
1688,2017-05-08,0.0,0.375860512524
1689,2017-05-08,0.0,0.441025810032
1690,2017-05-08,0.0,0.413042844181
1691,2017-05-08,1.0,0.630939202169
1692,2017-05-08,1.0,0.524120635338
1693,2017-05-08,1.0,0.52549589701
1696,2017-05-08,1.0,0.72365274945
1699,2017-05-08,0.0,0.384015055989
1700,2017-05-08,0.0,0.483267873694
1717,2017-05-08,0.0,0.30781171934
1718,2017-05-08,0.0,0.229346205262
1719,2017-05-08,0.0,0.219843263636
1720,2017-05-08,1.0,0.655799509208
1725,2017-05-08,0.0,0.318723398973
1726,2017-05-08,0.0,0.389226238736
1727,2017-05-08,1.0,0.70109768482
1729,2017-05-08,0.0,0.291190871395
1730,2017-05-08,0.0,0.298807156248
1731,2017-05-08,1.0,0.639484715752
1734,2017-05-08,0.0,0.288345637058
1735,2017-05-08,0.0,0.365546234457
1736,2017-05-08,0.0,0.256103256458
1737,2017-05-08,0.0,0.313023144872
1738,2017-05-08,0.0,0.347397441378
1739,2017-05-08,0.0,0.450370142019
1741,2017-05-08,1.0,0.540310914305
1744,2017-05-08,0.0,0.261398777263
1745,2017-05-08,0.0,0.366015697309
1746,2017-05-08,0.0,0.311461904825
1748,2017-05-08,1.0,0.523330725421
1752,2017-05-08,0.0,0.231980472307
1756,2017-05-08,0.0,0.277961252745
1757,2017-05-08,0.0,0.334929049941
1759,2017-05-08,0.0,0.289055173808
1760,2017-05-08,0.0,0.289055173808
1761,2017-05-08,0.0,0.278177128732
1762,2017-05-08,0.0,0.305934021695
1763,2017-05-08,0.0,0.293014635392
1765,2017-05-08,1.0,0.674835662366
1766,2017-05-08,0.0,0.194369059683
1777,2017-05-08,0.0,0.418407623573
1785,2017-05-08,0.0,0.371300389384
1786,2017-05-08,0.0,0.369138313034
1787,2017-05-08,0.0,0.373122209004
1788,2017-05-08,0.0,0.461576175447
1789,2017-05-08,1.0,0.523682385906
1798,2017-05-08,1.0,0.617716232411
1800,2017-05-08,1.0,0.509707748349
1801,2017-05-08,0.0,0.450976069404
1802,2017-05-08,0.0,0.232194626394
1803,2017-05-08,0.0,0.3260550734
1804,2017-05-08,0.0,0.405318850197
1805,2017-05-08,0.0,0.290237184806
1806,2017-05-08,0.0,0.499982902897
1807,2017-05-08,0.0,0.452856794082
1808,2017-05-08,1.0,0.560356176243
1810,2017-05-08,0.0,0.333741205511
1811,2017-05-08,0.0,0.292619901212
1812,2017-05-08,0.0,0.475836687474
1813,2017-05-08,0.0,0.415027809603
1814,2017-05-08,0.0,0.441343777175
1815,2017-05-08,0.0,0.296542737499
1816,2017-05-08,0.0,0.347569156577
1817,2017-05-08,0.0,0.341645873032
1818,2017-05-08,0.0,0.308242992608
1821,2017-05-08,1.0,0.67366018163
1822,2017-05-08,1.0,0.660738267419
1825,2017-05-08,1.0,0.52473300255
1826,2017-05-08,0.0,0.321810121223
1827,2017-05-08,0.0,0.407734979791
1828,2017-05-08,0.0,0.38153504066
1829,2017-05-08,0.0,0.419113481472
1830,2017-05-08,0.0,0.269732071781
1831,2017-05-08,0.0,0.436012254212
1832,2017-05-08,0.0,0.372780894135
1841,2017-05-08,0.0,0.447676570224
1844,2017-05-08,0.0,0.238182879696
1846,2017-05-08,0.0,0.485409782555
1847,2017-05-08,1.0,0.613946346942
1848,2017-05-08,1.0,0.554647477282
1849,2017-05-08,0.0,0.293249927624
1850,2017-05-08,0.0,0.478153299217
1852,2017-05-08,0.0,0.229117128694
1853,2017-05-08,0.0,0.26492616082
1854,2017-05-08,0.0,0.342208126308
1875,2017-05-08,0.0,0.279971943871
1877,2017-05-08,0.0,0.332177429135
1878,2017-05-08,0.0,0.294825485858
1879,2017-05-08,0.0,0.420674555265
1880,2017-05-08,0.0,0.456815427481
1881,2017-05-08,0.0,0.370551483634
1893,2017-05-08,0.0,0.389945018609
1894,2017-05-08,0.0,0.423555873796
1895,2017-05-08,0.0,0.375703499941
1906,2017-05-08,0.0,0.343978952993
1909,2017-05-08,0.0,0.466951869557
1913,2017-05-08,1.0,0.540815143565
1914,2017-05-08,0.0,0.225438056354
1915,2017-05-08,0.0,0.318191978993
1916,2017-05-08,0.0,0.32816179952
1917,2017-05-08,0.0,0.426958698069
1918,2017-05-08,1.0,0.573019382835
1919,2017-05-08,0.0,0.23291451903
1920,2017-05-08,0.0,0.359365456148
1921,2017-05-08,0.0,0.32756761129
1924,2017-05-08,0.0,0.252741434356
1934,2017-05-08,0.0,0.474429826008
1935,2017-05-08,0.0,0.469409413919
1936,2017-05-08,0.0,0.309968285026
1937,2017-05-08,0.0,0.309968285026
1947,2017-05-08,0.0,0.458584248189
1948,2017-05-08,0.0,0.403336593314
1949,2017-05-08,1.0,0.704991791208
1950,2017-05-08,0.0,0.314078890917
1951,2017-05-08,0.0,0.285992791708
1958,2017-05-08,0.0,0.470326678997
1959,2017-05-08,1.0,0.591841237381
1963,2017-05-08,0.0,0.404141272826
1964,2017-05-08,0.0,0.297723960433
1965,2017-05-08,0.0,0.307388412326
1966,2017-05-08,0.0,0.398207408743
1968,2017-05-08,0.0,0.293985581738
1974,2017-05-08,1.0,0.669938120724
1984,2017-05-08,0.0,0.321183215507
1985,2017-05-08,0.0,0.273162023545
1989,2017-05-08,1.0,0.574162728029
1990,2017-05-08,0.0,0.409086599119
1991,2017-05-08,0.0,0.295670882872
1992,2017-05-08,1.0,0.510352866511
1993,2017-05-08,0.0,0.388148486595
1994,2017-05-08,0.0,0.459548335533
1995,2017-05-08,0.0,0.355101751333
1996,2017-05-08,0.0,0.365754693873
1997,2017-05-08,0.0,0.403498359876
1998,2017-05-08,0.0,0.372003269756
1999,2017-05-08,1.0,0.519293692942
2000,2017-05-08,0.0,0.36507177759
2001,2017-05-08,0.0,0.474875642428
2002,2017-05-08,0.0,0.432000586339
2003,2017-05-08,0.0,0.385086039304
2004,2017-05-08,0.0,0.408170286212
2005,2017-05-08,0.0,0.354602003636
2006,2017-05-08,0.0,0.403367958689
2007,2017-05-08,0.0,0.481226805336
2008,2017-05-08,0.0,0.497857073269
2009,2017-05-08,1.0,0.591354356214
2010,2017-05-08,0.0,0.475437399636
2011,2017-05-08,0.0,0.359537042062
2012,2017-05-08,0.0,0.38484483289
2013,2017-05-08,0.0,0.435507135363
2016,2017-05-08,1.0,0.527193302513
2017,2017-05-08,1.0,0.527510523184
2018,2017-05-08,1.0,0.547202716608
2030,2017-05-08,0.0,0.472193438222
2031,2017-05-08,1.0,0.540427798294
2032,2017-05-08,1.0,0.521513545055
2033,2017-05-08,1.0,0.591673591165
2038,2017-05-08,0.0,0.41486157466
2039,2017-05-08,0.0,0.414378718231
2040,2017-05-08,0.0,0.443565907178
2041,2017-05-08,0.0,0.471689295839
2042,2017-05-08,0.0,0.450299187637
2043,2017-05-08,0.0,0.445628044276
2044,2017-05-08,1.0,0.592452811789
2045,2017-05-08,0.0,0.376429958681
2049,2017-05-08,0.0,0.280387132141
2050,2017-05-08,0.0,0.392004674016
2051,2017-05-08,0.0,0.313834943534
2052,2017-05-08,1.0,0.664876373906
2053,2017-05-08,0.0,0.469323216666
2054,2017-05-08,0.0,0.409170455454
2055,2017-05-08,0.0,0.293737388869
2056,2017-05-08,0.0,0.335528753022
2065,2017-05-08,0.0,0.417614497344
2066,2017-05-08,0.0,0.47626818853
2069,2017-05-08,0.0,0.403058025624
2070,2017-05-08,0.0,0.30660658943
2072,2017-05-08,0.0,0.400785560236
2073,2017-05-08,0.0,0.338872301062
2074,2017-05-08,0.0,0.45642089671
2075,2017-05-08,0.0,0.436717804656
2082,2017-05-08,0.0,0.37255869799
2086,2017-05-08,0.0,0.400123332059
2088,2017-05-08,0.0,0.22814318779
2090,2017-05-08,0.0,0.302293731101
2091,2017-05-08,0.0,0.295567167765
2092,2017-05-08,0.0,0.304789875761
2093,2017-05-08,0.0,0.306051026374
2094,2017-05-08,1.0,0.767914184652
2095,2017-05-08,1.0,0.574307015661
2096,2017-05-08,0.0,0.421319433011
2097,2017-05-08,0.0,0.399662423311
2098,2017-05-08,0.0,0.457085880679
2099,2017-05-08,0.0,0.369673574594
2100,2017-05-08,0.0,0.452962069315
2101,2017-05-08,0.0,0.412994507022
2102,2017-05-08,0.0,0.307628012144
2103,2017-05-08,1.0,0.700577298086
2104,2017-05-08,0.0,0.271004045332
2105,2017-05-08,0.0,0.423667101298
2106,2017-05-08,0.0,0.392961954769
2108,2017-05-08,0.0,0.27286927415
2109,2017-05-08,0.0,0.291845496729
2110,2017-05-08,0.0,0.456500431553
2111,2017-05-08,0.0,0.414263013545
2112,2017-05-08,0.0,0.445976052433
2113,2017-05-08,0.0,0.453715675985
2114,2017-05-08,0.0,0.4498814832
2115,2017-05-08,0.0,0.403257187502
2116,2017-05-08,0.0,0.370349640791
2117,2017-05-08,0.0,0.454964913057
2225,2017-05-08,0.0,0.450786082273
2230,2017-05-08,0.0,0.277465495822
2231,2017-05-08,0.0,0.466469235852
2232,2017-05-08,0.0,0.450825590885
2233,2017-05-08,0.0,0.455021096096
2234,2017-05-08,0.0,0.399046360753
2235,2017-05-08,0.0,0.450968024826
2236,2017-05-08,0.0,0.33844465375
2237,2017-05-08,0.0,0.455714308253
2238,2017-05-08,0.0,0.460376461167
2239,2017-05-08,0.0,0.421692802268
2242,2017-05-08,0.0,0.386417627822
2243,2017-05-08,0.0,0.292310398334
2244,2017-05-08,0.0,0.356328399722
2247,2017-05-08,0.0,0.411275704299
2248,2017-05-08,1.0,0.656379441668
2250,2017-05-08,1.0,0.568984058509
2251,2017-05-08,0.0,0.301493443304
2252,2017-05-08,0.0,0.417173441711
2254,2017-05-08,0.0,0.301692485007
2255,2017-05-08,0.0,0.307717264237
2256,2017-05-08,0.0,0.302154887218
2257,2017-05-08,0.0,0.302154887218
2258,2017-05-08,1.0,0.703631232691
2259,2017-05-08,0.0,0.489494373822
2260,2017-05-08,1.0,0.646999877476
2276,2017-05-08,0.0,0.345864090666
2277,2017-05-08,0.0,0.416000029317
2278,2017-05-08,0.0,0.350531068722
2280,2017-05-08,0.0,0.311461904825
2299,2017-05-08,0.0,0.466837544888
2300,2017-05-08,0.0,0.36486379817
2301,2017-05-08,0.0,0.34889381048
2302,2017-05-08,1.0,0.760382948269
2303,2017-05-08,1.0,0.729211769571
2308,2017-05-08,1.0,0.523004239127
2309,2017-05-08,0.0,0.434193805495
2310,2017-05-08,0.0,0.464797686464
2311,2017-05-08,0.0,0.399075767049
2312,2017-05-08,0.0,0.35445016655
2313,2017-05-08,0.0,0.352473893124
2315,2017-05-08,0.0,0.311652090345
2316,2017-05-08,1.0,0.585751006045
2318,2017-05-08,1.0,0.544304565986
2319,2017-05-08,0.0,0.407005268742
2320,2017-05-08,0.0,0.413610892682
2321,2017-05-08,0.0,0.297080932185
2322,2017-05-08,0.0,0.338214528727
2326,2017-05-08,1.0,0.691670572763
2327,2017-05-08,1.0,0.706536555125
2328,2017-05-08,0.0,0.345539370859
2329,2017-05-08,1.0,0.767563351156
2330,2017-05-08,1.0,0.625691002833
2331,2017-05-08,0.0,0.339258460722
2332,2017-05-08,0.0,0.382208995973
2333,2017-05-08,0.0,0.436507885454
2335,2017-05-08,0.0,0.308374061464
2336,2017-05-08,0.0,0.40111505096
2337,2017-05-08,0.0,0.374117660638
2338,2017-05-08,0.0,0.293793964695
2339,2017-05-08,0.0,0.301647718078
2341,2017-05-08,0.0,0.384870015418
2342,2017-05-08,0.0,0.340523148866
2343,2017-05-08,1.0,0.545082888882
2344,2017-05-08,1.0,0.519896052524
2345,2017-05-08,1.0,0.530181719746
2346,2017-05-08,0.0,0.432284518817
2350,2017-05-08,1.0,0.600993312707
2351,2017-05-08,0.0,0.377880703025
2352,2017-05-08,0.0,0.491319695968
2353,2017-05-08,0.0,0.405652088656
2356,2017-05-08,0.0,0.2224559848
2358,2017-05-08,0.0,0.32584996504
2359,2017-05-08,0.0,0.387275027524
2360,2017-05-08,0.0,0.366750592686
2361,2017-05-08,0.0,0.466742945894
2362,2017-05-08,0.0,0.292747136276
2366,2017-05-08,0.0,0.33250039807
2369,2017-05-08,0.0,0.360527899558
2380,2017-05-08,0.0,0.211768880198
2383,2017-05-08,0.0,0.463639554794
2384,2017-05-08,0.0,0.364511959665
2395,2017-05-08,0.0,0.367213354075
2398,2017-05-08,0.0,0.491032644005
2399,2017-05-08,1.0,0.716052497211
2407,2017-05-08,1.0,0.505432380745
2408,2017-05-08,1.0,0.503455052731
2409,2017-05-08,1.0,0.561615038547
2410,2017-05-08,0.0,0.416855826529
2414,2017-05-08,0.0,0.277043351715
2415,2017-05-08,0.0,0.429087286678
2416,2017-05-08,0.0,0.39873788083
2417,2017-05-08,0.0,0.336564111593
2418,2017-05-08,1.0,0.587879336683
2419,2017-05-08,0.0,0.479186192013
2425,2017-05-08,1.0,0.686648760826
2436,2017-05-08,0.0,0.434147321982
2455,2017-05-08,0.0,0.479311780192
2456,2017-05-08,1.0,0.506636318846
2480,2017-05-08,0.0,0.304017789355
2500,2017-05-08,0.0,0.380817741901
2501,2017-05-08,0.0,0.470289085796
2502,2017-05-08,0.0,0.335626701566
2511,2017-05-08,0.0,0.469464530083
2535,2017-05-08,0.0,0.383460800847
2536,2017-05-08,0.0,0.320826337761
2537,2017-05-08,0.0,0.302834922474
2546,2017-05-08,0.0,0.383215269852
2548,2017-05-08,0.0,0.262613591439
2549,2017-05-08,0.0,0.362184241592
2550,2017-05-08,1.0,0.524960776163
2551,2017-05-08,0.0,0.40527839492
2552,2017-05-08,0.0,0.407958617523
2553,2017-05-08,0.0,0.490705035257
2554,2017-05-08,0.0,0.370699701518
2555,2017-05-08,0.0,0.309224935937
2556,2017-05-08,0.0,0.227080665856
2557,2017-05-08,0.0,0.266353576976
2614,2017-05-08,0.0,0.343266199201
2615,2017-05-08,0.0,0.370684813591
2616,2017-05-08,0.0,0.450223119621
2617,2017-05-08,0.0,0.454414353254
2618,2017-05-08,1.0,0.612109427162
2620,2017-05-08,0.0,0.412216394645
2621,2017-05-08,0.0,0.382677681662
2623,2017-05-08,0.0,0.309558347319
2624,2017-05-08,0.0,0.455120286822
2626,2017-05-08,1.0,0.570032023363
2627,2017-05-08,0.0,0.434042774625
2628,2017-05-08,1.0,0.528469531127
2629,2017-05-08,1.0,0.534481435024
2630,2017-05-08,0.0,0.346819473928
2631,2017-05-08,0.0,0.347378389111
2634,2017-05-08,0.0,0.413774079841
2635,2017-05-08,0.0,0.336503815542
2636,2017-05-08,0.0,0.308728286138
2637,2017-05-08,0.0,0.498414689113
2639,2017-05-08,0.0,0.492851629839
2644,2017-05-08,0.0,0.288188458907
2645,2017-05-08,0.0,0.288188458907
2646,2017-05-08,0.0,0.433627625782
2648,2017-05-08,0.0,0.444707682889
2649,2017-05-08,1.0,0.502307507393
2650,2017-05-08,0.0,0.291908593739
2651,2017-05-08,0.0,0.290306508935
2653,2017-05-08,0.0,0.234579196221
2654,2017-05-08,0.0,0.238964732058
2655,2017-05-08,0.0,0.258609750051
2656,2017-05-08,0.0,0.495904975768
2657,2017-05-08,0.0,0.286963691248
2658,2017-05-08,0.0,0.358328627167
2659,2017-05-08,0.0,0.245391862987
2660,2017-05-08,0.0,0.359023477056
2661,2017-05-08,0.0,0.267145419912
2662,2017-05-08,0.0,0.275524432903
2666,2017-05-08,0.0,0.370884928259
2668,2017-05-08,0.0,0.363368501098
2674,2017-05-08,0.0,0.442720413234
2676,2017-05-08,0.0,0.364615393413
2677,2017-05-08,0.0,0.242244764187
2678,2017-05-08,0.0,0.313317266394
2679,2017-05-08,1.0,0.534200986965
2681,2017-05-08,0.0,0.405932673258
2684,2017-05-08,0.0,0.24193724102
2685,2017-05-08,0.0,0.206401853656
2688,2017-05-08,0.0,0.417631297044
2689,2017-05-08,0.0,0.432913266003
2690,2017-05-08,0.0,0.421166755971
2695,2017-05-08,0.0,0.299218704142
2696,2017-05-08,0.0,0.289310584496
2697,2017-05-08,0.0,0.412804205156
2698,2017-05-08,0.0,0.273973416516
2699,2017-05-08,0.0,0.447307572178
2700,2017-05-08,0.0,0.447114863148
2701,2017-05-08,0.0,0.263406334991
2702,2017-05-08,0.0,0.236954141831
2705,2017-05-08,1.0,0.609806780554
2707,2017-05-08,0.0,0.440178018424
2713,2017-05-08,1.0,0.603846444336
2714,2017-05-08,0.0,0.375656942297
2715,2017-05-08,0.0,0.436223559241
2716,2017-05-08,0.0,0.253332046773
2717,2017-05-08,0.0,0.317998221409
2718,2017-05-08,1.0,0.678531191799
2719,2017-05-08,1.0,0.725884272343
2730,2017-05-08,0.0,0.284906206293
2731,2017-05-08,1.0,0.55203810153
2732,2017-05-08,0.0,0.38979410411
2734,2017-05-08,1.0,0.611214766018
2735,2017-05-08,1.0,0.672285640342
2736,2017-05-08,0.0,0.360614854252
2737,2017-05-08,0.0,0.443867378677
2738,2017-05-08,0.0,0.453637615533
2739,2017-05-08,0.0,0.458532969559
2740,2017-05-08,0.0,0.344725129912
2741,2017-05-08,0.0,0.423397329401
2742,2017-05-08,1.0,0.681730352932
2743,2017-05-08,1.0,0.638925270936
2744,2017-05-08,0.0,0.478454958018
2745,2017-05-08,1.0,0.501837357506
2746,2017-05-08,0.0,0.23866466124
2747,2017-05-08,0.0,0.23866466124
2748,2017-05-08,1.0,0.656397045746
2749,2017-05-08,1.0,0.762475479292
2751,2017-05-08,0.0,0.252736274032
2825,2017-05-08,1.0,0.588016875514
2826,2017-05-08,0.0,0.382439139769
2829,2017-05-08,0.0,0.316222772772
2842,2017-05-08,1.0,0.598261568158
2843,2017-05-08,1.0,0.774001465714
2847,2017-05-08,0.0,0.372610049399
2848,2017-05-08,0.0,0.370075862212
2849,2017-05-08,0.0,0.36610818158
2850,2017-05-08,1.0,0.699706387545
2851,2017-05-08,0.0,0.315201815271
2852,2017-05-08,0.0,0.315201815271
2855,2017-05-08,0.0,0.31457608937
2856,2017-05-08,0.0,0.431724475598
2857,2017-05-08,0.0,0.308097683246
2858,2017-05-08,0.0,0.395748001918
2861,2017-05-08,0.0,0.465626941498
2862,2017-05-08,0.0,0.37304651995
2863,2017-05-08,0.0,0.410503583166
2864,2017-05-08,0.0,0.458059454504
2865,2017-05-08,0.0,0.247984857282
2866,2017-05-08,0.0,0.268757701657
2867,2017-05-08,0.0,0.39629755868
2870,2017-05-08,0.0,0.36145693584
2871,2017-05-08,0.0,0.455027499601
2872,2017-05-08,0.0,0.490392287592
2873,2017-05-08,0.0,0.389295020874
2874,2017-05-08,0.0,0.304464740165
2876,2017-05-08,0.0,0.301757850719
2877,2017-05-08,0.0,0.293434453632
2878,2017-05-08,0.0,0.421720216116
2879,2017-05-08,0.0,0.43097456237
2880,2017-05-08,0.0,0.368852993685
2881,2017-05-08,0.0,0.411773978841
2882,2017-05-08,0.0,0.249291698847
2884,2017-05-08,0.0,0.245476786266
2885,2017-05-08,1.0,0.54856036099
2890,2017-05-08,0.0,0.254787838656
2892,2017-05-08,0.0,0.443149666392
2893,2017-05-08,0.0,0.300968956428
2894,2017-05-08,0.0,0.406568479327
2896,2017-05-08,1.0,0.527729129648
2897,2017-05-08,0.0,0.386780500314
2898,2017-05-08,0.0,0.312073160354
2903,2017-05-08,0.0,0.307262096116
2904,2017-05-08,0.0,0.382897097026
2905,2017-05-08,0.0,0.294771974289
2907,2017-05-08,0.0,0.436854291646
2908,2017-05-08,0.0,0.483922658163
2909,2017-05-08,1.0,0.603855809331
2910,2017-05-08,0.0,0.284720506389
2911,2017-05-08,0.0,0.448397925769
2912,2017-05-08,0.0,0.374008534546
2913,2017-05-08,0.0,0.246689057889
2923,2017-05-08,0.0,0.335530061082
2927,2017-05-08,0.0,0.252799364026
2928,2017-05-08,0.0,0.267810659283
2931,2017-05-08,0.0,0.260673200031
2932,2017-05-08,0.0,0.321031934079
2933,2017-05-08,0.0,0.35611148482
2934,2017-05-08,0.0,0.242732213765
2936,2017-05-08,0.0,0.242732213765
2937,2017-05-08,0.0,0.233423100736
2938,2017-05-08,1.0,0.550336909981
2939,2017-05-08,0.0,0.446783100099
2947,2017-05-08,1.0,0.660912333131
2948,2017-05-08,1.0,0.529839773011
2949,2017-05-08,0.0,0.478589243593
2962,2017-05-08,1.0,0.509531184201
2963,2017-05-08,0.0,0.29014539182
2964,2017-05-08,0.0,0.321205528793
2967,2017-05-08,0.0,0.357931937333
2968,2017-05-08,0.0,0.386338109264
2969,2017-05-08,1.0,0.624075019191
2970,2017-05-08,0.0,0.383833282033
2988,2017-05-08,0.0,0.376119739525
3006,2017-05-08,0.0,0.469505411438
3007,2017-05-08,0.0,0.483429669616
3008,2017-05-08,0.0,0.46946277419
3009,2017-05-08,1.0,0.512402888968
3014,2017-05-08,0.0,0.353936904641
3059,2017-05-08,0.0,0.300934830531
3068,2017-05-08,0.0,0.448650890407
3069,2017-05-08,1.0,0.771713730124
3070,2017-05-08,1.0,0.530744774362
3073,2017-05-08,0.0,0.368586920163
3074,2017-05-08,0.0,0.497093321306
3075,2017-05-08,0.0,0.428793610716
3076,2017-05-08,0.0,0.24890994651
3079,2017-05-08,0.0,0.46581603087
3080,2017-05-08,0.0,0.48534834919
3083,2017-05-08,1.0,0.760852234915
3085,2017-05-08,0.0,0.315582952843
3086,2017-05-08,0.0,0.315582952843
3087,2017-05-08,0.0,0.410303340244
3092,2017-05-08,1.0,0.644840262599
3093,2017-05-08,0.0,0.443382879582
3094,2017-05-08,0.0,0.343100855866
3096,2017-05-08,0.0,0.361410947314
3097,2017-05-08,0.0,0.342392909859
3098,2017-05-08,0.0,0.407321457295
3100,2017-05-08,0.0,0.320689137846
3101,2017-05-08,0.0,0.44810313729
3102,2017-05-08,0.0,0.478584116853
3103,2017-05-08,0.0,0.491650476882
3104,2017-05-08,0.0,0.352142296699
3105,2017-05-08,1.0,0.552487473364
3106,2017-05-08,0.0,0.484380390237
3111,2017-05-08,0.0,0.383990793468
3112,2017-05-08,0.0,0.46152545024
3113,2017-05-08,0.0,0.462303857209
3115,2017-05-08,0.0,0.445605260483
3118,2017-05-08,0.0,0.218537505864
3122,2017-05-08,0.0,0.430789362013
3126,2017-05-08,0.0,0.31554042672
3130,2017-05-08,0.0,0.316989489861
3131,2017-05-08,0.0,0.316989489861
3133,2017-05-08,0.0,0.343686417116
3134,2017-05-08,0.0,0.361282641498
3135,2017-05-08,0.0,0.313072304391
3137,2017-05-08,1.0,0.513197077986
3138,2017-05-08,1.0,0.501676646023
3139,2017-05-08,0.0,0.48822101063
3140,2017-05-08,0.0,0.383321883607
3149,2017-05-08,0.0,0.362701147521
3150,2017-05-08,0.0,0.46698627887
3151,2017-05-08,1.0,0.526331256021
3152,2017-05-08,0.0,0.412571275908
3160,2017-05-08,0.0,0.315582952843
3161,2017-05-08,0.0,0.372569059012
3163,2017-05-08,0.0,0.325432802686
3164,2017-05-08,0.0,0.259924556899
3165,2017-05-08,0.0,0.494817220815
3169,2017-05-08,0.0,0.283267054212
3170,2017-05-08,0.0,0.482425624524
3171,2017-05-08,0.0,0.385965009345
3172,2017-05-08,1.0,0.523429970715
3184,2017-05-08,0.0,0.378275181749
3190,2017-05-08,0.0,0.478180400471
3191,2017-05-08,1.0,0.640139451542
3192,2017-05-08,0.0,0.466042351755
3193,2017-05-08,0.0,0.404241565963
3201,2017-05-08,0.0,0.384817156067
3204,2017-05-08,0.0,0.270933726947
3205,2017-05-08,0.0,0.316314138288
3206,2017-05-08,0.0,0.327570147004
3207,2017-05-08,0.0,0.275087999993
3208,2017-05-08,1.0,0.520989125434
3209,2017-05-08,1.0,0.521300107642
3215,2017-05-08,0.0,0.425279803358
3217,2017-05-08,0.0,0.436745289214
3218,2017-05-08,0.0,0.494925350344
3219,2017-05-08,1.0,0.699489786574
3220,2017-05-08,1.0,0.713669607598
3221,2017-05-08,0.0,0.383081946067
3228,2017-05-08,0.0,0.227013515025
3233,2017-05-08,0.0,0.365341980778
3239,2017-05-08,0.0,0.396749411115
3246,2017-05-08,1.0,0.593684851004
3251,2017-05-08,0.0,0.289786915259
3254,2017-05-08,1.0,0.527147044427
3309,2017-05-08,0.0,0.427935974556
3439,2017-05-08,0.0,0.368818925893
3457,2017-05-08,0.0,0.277921831742
3474,2017-05-08,1.0,0.693489116261
3499,2017-05-08,1.0,0.702256886274
3500,2017-05-08,1.0,0.514431665995
